<?xml version="1.0" encoding="UTF-8"?>
<!DOCTYPE mapper PUBLIC "-//mybatis.org//DTD Mapper 3.0//EN" "http://mybatis.org/dtd/mybatis-3-mapper.dtd">

<mapper namespace="com.company.matching.model">
<insert id="insertChat" parameterType="chatDTO">
insert into chat values(chatNum.nextval,#{crNum},#{sUserNum},#{rUserNum},#{chatContent})
</insert>
<insert id="createRoom" parameterType="chatRoomDTO">
insert into chatRoom values(crNum.nextval,#{sUserNum},#{rUserNum},#{sName},#{rName})
</insert>
<select id="name" parameterType="Integer" resultType="String">
select userName from users where userNum=#{userNum}
</select>
<select id ="isRoom" parameterType="chatRoomDTO" resultType = "chatRoomDTO">
select distinct * from chatRoom WHERE sUserNum = #{sUserNum} and rUserNum = #{rUserNum} or sUserNum = #{rUserNum} and rUserNum = #{sUserNum}
</select>
<select id="getChatList" resultType="chatRoomDTO">
select * from chatRoom where sUserNum=#{sUserNum} or rUserNum=#{sUserNum}
</select>
<select id="getCtList" resultType="chatDTO">
select * from chat where crNum=#{crNum} order by chatNum
</select>
<select id="getU" parameterType="Integer" resultType="UsersDTO">
select * from users where userNum=#{userNum}
</select>
<select id="getRoom" resultType="chatRoomDTO">
select * from chatRoom where crNum=#{crNum}
</select>
<select id = "getRoomId" resultType = "Integer">
select crNum from  ChatRoom where sUserNum = #{sUserNum} and rUserNum = #{rUserNum}
or  sUserNum = #{rUserNum} and rUserNum = #{sUserNum}
</select>
<select id="searchChat" parameterType="java.util.Map" resultType="chatDTO">
select * from chat where sUserNum = #{sUserNum} and rUserNum = #{rUserNum}
</select>
<select id="getCr" resultType="Integer" parameterType="java.util.Map">
select crNum from chatRoom where sUserNum = #{sUserNum} and rUserNum = #{rUserNum}
</select>
</mapper>