<?xml version="1.0" encoding="UTF-8"?>
<!DOCTYPE mapper PUBLIC "-//mybatis.org//DTD Mapper 3.0//EN" "http://mybatis.org/dtd/mybatis-3-mapper.dtd">

<mapper namespace="com.company.matching.model">
<insert id="insertCom" parameterType="comDTO">
insert into com values(comNum.nextval,#{userNum},#{userName},#{comCate},#{comSubject},#{comContent},sysdate)
</insert>

<select id="comList" parameterType="java.util.Map" resultType="comGood">
<include refid="pagingHeader"></include>
select c.*,(select count(*) from goodBad where goodBad.comNum=c.comNum and gb like 'good') as gCount,(select count(*) from goodBad where goodBad.comNum=c.comNum and gb like 'bad') as bCount from com c where 
<if test="comCate != 'all'">
comCate = #{comCate} and
</if>
<choose>
<when test="option == 'all'">
(comContent like '%'||#{search}||'%' or comSubject like '%'||#{search}||'%')
</when>
<otherwise>
${option} like '%'||#{search}||'%'
</otherwise>
</choose>
order by comDate desc
<include refid="pagingFooter"></include>
</select>

<select id="countCom" parameterType="java.util.Map" resultType="Integer">
select count(*) from com where
<if test="comCate != 'all'">
comCate = #{comCate} and
</if>
<choose>
<when test="option == 'all'">
(comContent like '%'||#{search}||'%' or comSubject like '%'||#{search}||'%')
</when>
<otherwise>
${option} like '%'||#{search}||'%'
</otherwise>
</choose>
</select>

<update id="updateCom" parameterType="comDTO">
update com set comCate=#{comCate},comSubject=#{comSubject},comContent=#{comContent} where comNum=#{comNum}
</update>
<delete id="deleteCom" parameterType="Integer">
delete from com where comNum=#{comNum}
</delete>
<select id="getCom" resultType="comDTO">
select * from com where comNum=#{comNum}
</select>
<select id="myCom" resultType="comDTO">
select * from com where userNum=#{userNum}
</select>

<!-- 좋아요 -->
<insert id="good" parameterType="java.util.Map">
insert into goodBad values(gbNum.nextval,#{userNum},#{comNum},#{gb})
</insert>
<select id="checkGb" parameterType="java.util.Map" resultType="Integer">
select count(*) from goodBad where userNum=#{userNum} and comNum=#{comNum}
</select>
<select id="getGb" parameterType="java.util.Map" resultType="goodBadDTO">
select * from goodBad where userNum=#{userNum} and comNum=#{comNum}
</select>
<select id="gb" parameterType="java.util.Map" resultType="String">
select gb from goodBad where userNum=#{userNum} and comNum=#{comNum}
</select>
<delete id="deleteGb" parameterType="goodBadDTO">
delete from goodBad where gbNum=#{gbNum}
</delete>
<select id="gCount" resultType="Integer">
select count(gb) from goodBad where comNum=#{comNum} and gb='good'
</select>
<select id="bCount" resultType="Integer">
select count(gb) from goodBad where comNum=#{comNum} and gb='bad'
</select>


<!-- 댓글  -->
<insert id="insertCmt" parameterType="cmtDTO">
insert into cmt values(cmtNum.nextval,#{userNum},#{userName},#{comNum},#{content},sysdate)
</insert>
<select id="comment" parameterType="cmtDTO" resultType="cmtDTO">
select * from cmt where comNum=#{comNum}
</select>
<update id="updateCmt" parameterType="cmtDTO">
update cmt set content=#{content} where comNum=#{conNum} and userNum=#{userNum}
</update>
<delete id="deleteCmt" parameterType="cmtDTO">
delete from cmt where cmtNum=#{cmtNum}
</delete>


</mapper>