<?xml version="1.0" encoding="UTF-8"?>
<beans:beans xmlns="http://www.springframework.org/schema/mvc"
	xmlns:xsi="http://www.w3.org/2001/XMLSchema-instance"
	xmlns:beans="http://www.springframework.org/schema/beans"
	xmlns:websocket="http://www.springframework.org/schema/websocket" xmlns:task="http://www.springframework.org/schema/task" 
	xmlns:context="http://www.springframework.org/schema/context"
	xsi:schemaLocation="http://www.springframework.org/schema/websocket http://www.springframework.org/schema/websocket/spring-websocket-4.1.xsd
		http://www.springframework.org/schema/task http://www.springframework.org/schema/task/spring-task-3.1.xsd
		http://www.springframework.org/schema/mvc https://www.springframework.org/schema/mvc/spring-mvc.xsd
		http://www.springframework.org/schema/beans https://www.springframework.org/schema/beans/spring-beans.xsd
	    http://www.springframework.org/schema/context https://www.springframework.org/schema/context/spring-context.xsd">

	<!-- DispatcherServlet Context: defines this servlet's request-processing infrastructure -->
	
	<!-- Enables the Spring MVC @Controller programming model -->
	<annotation-driven />

	<!-- Handles HTTP GET requests for /resources/** by efficiently serving up static resources in the ${webappRoot}/resources directory -->
	<resources mapping="/resources/**" location="/resources/" />

	<!-- Resolves views selected for rendering by @Controllers to .jsp resources in the /WEB-INF/views directory -->
	<beans:bean class="org.springframework.web.servlet.view.InternalResourceViewResolver">
		<beans:property name="prefix" value="/WEB-INF/views/" />
		<beans:property name="suffix" value=".jsp" />
	</beans:bean>
	
	<context:component-scan base-package="com.company.matching" />
	
	<beans:bean class="org.springframework.web.multipart.commons.CommonsMultipartResolver" id="multipartResolver">
		<beans:property value="10485760" name="maxUploadSize" />
	</beans:bean>
	
	<beans:bean class="java.lang.String" id="upLoadPath">
		<!-- <beans:constructor-arg value="C:\Users\jeong\OneDrive\바탕 화면\D\project\.metadata\.plugins\org.eclipse.wst.server.core\tmp0\wtpwebapps\TeamProject\resources\ckUpload" /> -->
		<beans:constructor-arg value="C:\Users\Gi7A-00\Desktop\ezen teamproject\.metadata\.plugins\org.eclipse.wst.server.core\tmp0\wtpwebapps\TeamProject\resources\ckUpload\" />
	</beans:bean>
	
<websocket:handlers>
<websocket:mapping path="/echo" handler="echoHandler"/>
<websocket:handshake-interceptors>
<beans:bean class="org.springframework.web.socket.server.support.HttpSessionHandshakeInterceptor"/>
</websocket:handshake-interceptors>
<websocket:sockjs/>
</websocket:handlers>
<beans:bean class="com.company.matching.function.EchoHandler" id="echoHandler"/>
</beans:beans>
